Fecha,Hora,Nombre Comercial,URL,Status,Codigo HTTP,Tiempo de Carga (segundos)
7/04/2026,09:12:25,Hertz,https://www.hertzmexico.com/,OK,200,0.48
7/04/2026,09:12:25,Dollar,https://dollarmexico.com.mx/,OK,200,0.42
7/04/2026,09:12:25,Thrifty,https://www.thrifty.com.mx/,OK,200,0.54
7/04/2026,09:12:25,Firefly,https://www.fireflycarrental.com.mx/,OK,200,0.46
7/04/2026,09:12:25,Avis,https://avis.mx/,OK,200,1.02
7/04/2026,09:12:25,National,https://nationalcar.com.mx/,OK,200,3.62
7/04/2026,09:12:25,Alamo,https://www.alamo.com.mx/es,OK,200,1.29
7/04/2026,09:12:25,Mex Rent A Car,https://mexrentacar.com/es/index,OK,200,1.23
7/04/2026,09:12:25,Budget,https://budget.com.mx/#/,OK,200,1.49
7/04/2026,09:12:25,Localiza,https://www.localiza.com/mexico/es-mx,OK,200,1.27
7/04/2026,09:12:25,Enterprise,https://enterprise.mx/,OK,200,2.67
7/04/2026,09:12:25,Europcar,https://www.europcar.com.mx/,OK,200,1.12
7/04/2026,11:11:18,Hertz,https://www.hertzmexico.com/,OK,200,0.73
7/04/2026,11:11:18,Dollar,https://dollarmexico.com.mx/,OK,200,0.33
7/04/2026,11:11:18,Thrifty,https://www.thrifty.com.mx/,OK,200,0.41
7/04/2026,11:11:18,Firefly,https://www.fireflycarrental.com.mx/,OK,200,0.33
7/04/2026,11:11:18,Avis,https://avis.mx/,OK,200,0.94
7/04/2026,11:11:18,National,https://nationalcar.com.mx/,OK,200,3.2
7/04/2026,11:11:18,Alamo,https://www.alamo.com.mx/es,OK,200,1.27
7/04/2026,11:11:18,Mex Rent A Car,https://mexrentacar.com/es/index,OK,200,1.03
7/04/2026,11:11:18,Budget,https://budget.com.mx/#/,OK,200,0.5
7/04/2026,11:11:18,Localiza,https://www.localiza.com/mexico/es-mx,OK,200,1.33
7/04/2026,11:11:18,Enterprise,https://enterprise.mx/,OK,200,1.98
7/04/2026,11:11:18,Europcar,https://www.europcar.com.mx/,OK,200,1.47
7/04/2026,13:16:53,Hertz,https://www.hertzmexico.com/,OK,200,0.48
7/04/2026,13:16:53,Dollar,https://dollarmexico.com.mx/,OK,200,0.38
7/04/2026,13:16:53,Thrifty,https://www.thrifty.com.mx/,OK,200,0.57
7/04/2026,13:16:53,Firefly,https://www.fireflycarrental.com.mx/,OK,200,0.54
7/04/2026,13:16:53,Avis,https://avis.mx/,OK,200,1.07
7/04/2026,13:16:53,National,https://nationalcar.com.mx/,OK,200,3.61
7/04/2026,13:16:53,Alamo,https://www.alamo.com.mx/es,OK,200,1.33
7/04/2026,13:16:53,Mex Rent A Car,https://mexrentacar.com/es/index,OK,200,1.43
7/04/2026,13:16:53,Budget,https://budget.com.mx/#/,OK,200,0.46
7/04/2026,13:16:53,Localiza,https://www.localiza.com/mexico/es-mx,OK,200,0.97
7/04/2026,13:16:53,Enterprise,https://enterprise.mx/,OK,200,2.4
7/04/2026,13:16:53,Europcar,https://www.europcar.com.mx/,OK,200,0.69
7/04/2026,14:57:47,Hertz,https://www.hertzmexico.com/,OK,200,0.59
7/04/2026,14:57:47,Dollar,https://dollarmexico.com.mx/,OK,200,0.44
7/04/2026,14:57:47,Thrifty,https://www.thrifty.com.mx/,OK,200,0.5
7/04/2026,14:57:47,Firefly,https://www.fireflycarrental.com.mx/,OK,200,0.52
7/04/2026,14:57:47,Avis,https://avis.mx/,OK,200,1.14
7/04/2026,14:57:47,National,https://nationalcar.com.mx/,OK,200,3.61
7/04/2026,14:57:47,Alamo,https://www.alamo.com.mx/es,OK,200,1.29
7/04/2026,14:57:47,Mex Rent A Car,https://mexrentacar.com/es/index,OK,200,1.52
7/04/2026,14:57:47,Budget,https://budget.com.mx/#/,OK,200,6.04
7/04/2026,14:57:47,Localiza,https://www.localiza.com/mexico/es-mx,OK,200,1.08
7/04/2026,14:57:47,Enterprise,https://enterprise.mx/,OK,200,2.47
7/04/2026,14:57:47,Europcar,https://www.europcar.com.mx/,OK,200,2.93
7/04/2026,16:50:06,Hertz,https://www.hertzmexico.com/,OK,200,0.8
7/04/2026,16:50:06,Dollar,https://dollarmexico.com.mx/,OK,200,0.51
7/04/2026,16:50:06,Thrifty,https://www.thrifty.com.mx/,OK,200,0.57
7/04/2026,16:50:06,Firefly,https://www.fireflycarrental.com.mx/,OK,200,0.49
7/04/2026,16:50:06,Avis,https://avis.mx/,OK,200,0.9
7/04/2026,16:50:06,National,https://nationalcar.com.mx/,OK,200,3.26
7/04/2026,16:50:06,Alamo,https://www.alamo.com.mx/es,OK,200,1.18
7/04/2026,16:50:06,Mex Rent A Car,https://mexrentacar.com/es/index,OK,200,0.75
7/04/2026,16:50:06,Budget,https://budget.com.mx/#/,OK,200,6.3
7/04/2026,16:50:06,Localiza,https://www.localiza.com/mexico/es-mx,OK,200,3.38
7/04/2026,16:50:06,Enterprise,https://enterprise.mx/,OK,200,2.12
7/04/2026,16:50:06,Europcar,https://www.europcar.com.mx/,OK,200,0.61
7/04/2026,21:22:22,Hertz,https://www.hertzmexico.com/,OK,200,0.48
7/04/2026,21:22:22,Dollar,https://dollarmexico.com.mx/,OK,200,0.38
7/04/2026,21:22:22,Thrifty,https://www.thrifty.com.mx/,OK,200,0.47
7/04/2026,21:22:22,Firefly,https://www.fireflycarrental.com.mx/,OK,200,0.41
7/04/2026,21:22:22,Avis,https://avis.mx/,OK,200,0.99
7/04/2026,21:22:22,National,https://nationalcar.com.mx/,OK,200,3.23
7/04/2026,21:22:22,Alamo,https://www.alamo.com.mx/es,OK,200,1.19
7/04/2026,21:22:22,Mex Rent A Car,https://mexrentacar.com/es/index,OK,200,1.06
7/04/2026,21:22:22,Budget,https://budget.com.mx/#/,OK,200,0.65
7/04/2026,21:22:22,Localiza,https://www.localiza.com/mexico/es-mx,OK,200,1.43
7/04/2026,21:22:22,Enterprise,https://enterprise.mx/,OK,200,2.07
7/04/2026,21:22:22,Europcar,https://www.europcar.com.mx/,OK,200,0.72
7/04/2026,23:52:17,Hertz,https://www.hertzmexico.com/,OK,200,0.49
7/04/2026,23:52:17,Dollar,https://dollarmexico.com.mx/,OK,200,0.44
7/04/2026,23:52:17,Thrifty,https://www.thrifty.com.mx/,OK,200,0.38
7/04/2026,23:52:17,Firefly,https://www.fireflycarrental.com.mx/,OK,200,0.48
7/04/2026,23:52:17,Avis,https://avis.mx/,OK,200,1.01
7/04/2026,23:52:17,National,https://nationalcar.com.mx/,OK,200,3.25
7/04/2026,23:52:17,Alamo,https://www.alamo.com.mx/es,OK,200,1.33
7/04/2026,23:52:17,Mex Rent A Car,https://mexrentacar.com/es/index,OK,200,1.04
7/04/2026,23:52:17,Budget,https://budget.com.mx/#/,OK,200,0.63
7/04/2026,23:52:17,Localiza,https://www.localiza.com/mexico/es-mx,OK,200,1.17
7/04/2026,23:52:17,Enterprise,https://enterprise.mx/,OK,200,1.81
7/04/2026,23:52:17,Europcar,https://www.europcar.com.mx/,OK,200,0.69
8/04/2026,01:47:39,Hertz,https://www.hertzmexico.com/,OK,200,0.56
8/04/2026,01:47:39,Dollar,https://dollarmexico.com.mx/,OK,200,0.39
8/04/2026,01:47:39,Thrifty,https://www.thrifty.com.mx/,OK,200,0.57
8/04/2026,01:47:39,Firefly,https://www.fireflycarrental.com.mx/,OK,200,0.4
8/04/2026,01:47:39,Avis,https://avis.mx/,OK,200,1.1
8/04/2026,01:47:39,National,https://nationalcar.com.mx/,OK,200,3.77
8/04/2026,01:47:39,Alamo,https://www.alamo.com.mx/es,OK,200,1.21
8/04/2026,01:47:39,Mex Rent A Car,https://mexrentacar.com/es/index,OK,200,1.09
8/04/2026,01:47:39,Budget,https://budget.com.mx/#/,OK,200,0.75
8/04/2026,01:47:39,Localiza,https://www.localiza.com/mexico/es-mx,OK,200,1.42
8/04/2026,01:47:39,Enterprise,https://enterprise.mx/,OK,200,2.36
8/04/2026,01:47:39,Europcar,https://www.europcar.com.mx/,OK,200,0.58
8/04/2026,03:14:09,Hertz,https://www.hertzmexico.com/,OK,200,0.71
8/04/2026,03:14:09,Dollar,https://dollarmexico.com.mx/,OK,200,0.37
8/04/2026,03:14:09,Thrifty,https://www.thrifty.com.mx/,OK,200,0.58
8/04/2026,03:14:09,Firefly,https://www.fireflycarrental.com.mx/,OK,200,0.51
8/04/2026,03:14:09,Avis,https://avis.mx/,OK,200,1.01
8/04/2026,03:14:09,National,https://nationalcar.com.mx/,OK,200,3.37
8/04/2026,03:14:09,Alamo,https://www.alamo.com.mx/es,OK,200,1.55
8/04/2026,03:14:09,Mex Rent A Car,https://mexrentacar.com/es/index,OK,200,1.16
8/04/2026,03:14:09,Budget,https://budget.com.mx/#/,OK,200,0.4
8/04/2026,03:14:09,Localiza,https://www.localiza.com/mexico/es-mx,OK,200,1.76
8/04/2026,03:14:09,Enterprise,https://enterprise.mx/,OK,200,1.99
8/04/2026,03:14:09,Europcar,https://www.europcar.com.mx/,OK,200,0.67
8/04/2026,05:08:19,Hertz,https://www.hertzmexico.com/,OK,200,0.53
8/04/2026,05:08:19,Dollar,https://dollarmexico.com.mx/,OK,200,1.18
8/04/2026,05:08:19,Thrifty,https://www.thrifty.com.mx/,OK,200,0.73
8/04/2026,05:08:19,Firefly,https://www.fireflycarrental.com.mx/,OK,200,0.75
8/04/2026,05:08:19,Avis,https://avis.mx/,OK,200,0.86
8/04/2026,05:08:19,National,https://nationalcar.com.mx/,OK,200,2.59
8/04/2026,05:08:19,Alamo,https://www.alamo.com.mx/es,OK,200,2.26
8/04/2026,05:08:19,Mex Rent A Car,https://mexrentacar.com/es/index,OK,200,0.71
8/04/2026,05:08:19,Budget,https://budget.com.mx/#/,OK,200,0.73
8/04/2026,05:08:19,Localiza,https://www.localiza.com/mexico/es-mx,OK,200,0.94
8/04/2026,05:08:19,Enterprise,https://enterprise.mx/,OK,200,1.57
8/04/2026,05:08:19,Europcar,https://www.europcar.com.mx/,OK,200,1.39
8/04/2026,07:52:09,Hertz,https://www.hertzmexico.com/,OK,200,0.59
8/04/2026,07:52:09,Dollar,https://dollarmexico.com.mx/,OK,200,0.43
8/04/2026,07:52:09,Thrifty,https://www.thrifty.com.mx/,OK,200,0.54
8/04/2026,07:52:09,Firefly,https://www.fireflycarrental.com.mx/,OK,200,0.4
8/04/2026,07:52:09,Avis,https://avis.mx/,OK,200,0.95
8/04/2026,07:52:09,National,https://nationalcar.com.mx/,OK,200,3.59
8/04/2026,07:52:09,Alamo,https://www.alamo.com.mx/es,OK,200,1.39
8/04/2026,07:52:09,Mex Rent A Car,https://mexrentacar.com/es/index,OK,200,1.2
8/04/2026,07:52:09,Budget,https://budget.com.mx/#/,OK,200,0.79
8/04/2026,07:52:09,Localiza,https://www.localiza.com/mexico/es-mx,OK,200,0.85
8/04/2026,07:52:09,Enterprise,https://enterprise.mx/,OK,200,2.38
8/04/2026,07:52:09,Europcar,https://www.europcar.com.mx/,OK,200,1.57
8/04/2026,09:20:52,Hertz,https://www.hertzmexico.com/,OK,200,0.68
8/04/2026,09:20:52,Dollar,https://dollarmexico.com.mx/,OK,200,0.41
8/04/2026,09:20:52,Thrifty,https://www.thrifty.com.mx/,OK,200,0.56
8/04/2026,09:20:52,Firefly,https://www.fireflycarrental.com.mx/,OK,200,0.47
8/04/2026,09:20:52,Avis,https://avis.mx/,OK,200,1.04
8/04/2026,09:20:52,National,https://nationalcar.com.mx/,OK,200,3.08
8/04/2026,09:20:52,Alamo,https://www.alamo.com.mx/es,OK,200,1.39
8/04/2026,09:20:52,Mex Rent A Car,https://mexrentacar.com/es/index,OK,200,0.73
8/04/2026,09:20:52,Budget,https://budget.com.mx/#/,OK,200,0.48
8/04/2026,09:20:52,Localiza,https://www.localiza.com/mexico/es-mx,OK,200,1.02
8/04/2026,09:20:52,Enterprise,https://enterprise.mx/,OK,200,2.0
8/04/2026,09:20:52,Europcar,https://www.europcar.com.mx/,OK,200,0.74
8/04/2026,11:27:39,Hertz,https://www.hertzmexico.com/,OK,200,0.52
8/04/2026,11:27:39,Dollar,https://dollarmexico.com.mx/,OK,200,0.37
8/04/2026,11:27:39,Thrifty,https://www.thrifty.com.mx/,OK,200,0.53
8/04/2026,11:27:39,Firefly,https://www.fireflycarrental.com.mx/,OK,200,0.69
8/04/2026,11:27:39,Avis,https://avis.mx/,OK,200,1.1
8/04/2026,11:27:39,National,https://nationalcar.com.mx/,OK,200,3.53
8/04/2026,11:27:39,Alamo,https://www.alamo.com.mx/es,OK,200,1.13
8/04/2026,11:27:39,Mex Rent A Car,https://mexrentacar.com/es/index,OK,200,1.18
8/04/2026,11:27:39,Budget,https://budget.com.mx/#/,OK,200,1.97
8/04/2026,11:27:39,Localiza,https://www.localiza.com/mexico/es-mx,OK,200,1.04
8/04/2026,11:27:39,Enterprise,https://enterprise.mx/,OK,200,2.48
8/04/2026,11:27:39,Europcar,https://www.europcar.com.mx/,OK,200,0.53
8/04/2026,13:28:18,Hertz,https://www.hertzmexico.com/,OK,200,0.6
8/04/2026,13:28:18,Dollar,https://dollarmexico.com.mx/,OK,200,0.48
8/04/2026,13:28:18,Thrifty,https://www.thrifty.com.mx/,OK,200,0.42
8/04/2026,13:28:18,Firefly,https://www.fireflycarrental.com.mx/,OK,200,0.38
8/04/2026,13:28:18,Avis,https://avis.mx/,OK,200,0.95
8/04/2026,13:28:18,National,https://nationalcar.com.mx/,OK,200,3.35
8/04/2026,13:28:18,Alamo,https://www.alamo.com.mx/es,OK,200,1.15
8/04/2026,13:28:18,Mex Rent A Car,https://mexrentacar.com/es/index,OK,200,2.01
8/04/2026,13:28:18,Budget,https://budget.com.mx/#/,OK,200,0.69
8/04/2026,13:28:18,Localiza,https://www.localiza.com/mexico/es-mx,OK,200,1.9
8/04/2026,13:28:18,Enterprise,https://enterprise.mx/,OK,200,2.07
8/04/2026,13:28:18,Europcar,https://www.europcar.com.mx/,OK,200,0.77
8/04/2026,14:55:45,Hertz,https://www.hertzmexico.com/,OK,200,0.6
8/04/2026,14:55:45,Dollar,https://dollarmexico.com.mx/,OK,200,0.39
8/04/2026,14:55:45,Thrifty,https://www.thrifty.com.mx/,OK,200,0.56
8/04/2026,14:55:45,Firefly,https://www.fireflycarrental.com.mx/,OK,200,0.48
8/04/2026,14:55:45,Avis,https://avis.mx/,OK,200,0.76
8/04/2026,14:55:45,National,https://nationalcar.com.mx/,OK,200,3.32
8/04/2026,14:55:45,Alamo,https://www.alamo.com.mx/es,OK,200,1.41
8/04/2026,14:55:45,Mex Rent A Car,https://mexrentacar.com/es/index,OK,200,0.87
8/04/2026,14:55:45,Budget,https://budget.com.mx/#/,OK,200,0.52
8/04/2026,14:55:45,Localiza,https://www.localiza.com/mexico/es-mx,OK,200,1.65
8/04/2026,14:55:45,Enterprise,https://enterprise.mx/,OK,200,2.01
8/04/2026,14:55:45,Europcar,https://www.europcar.com.mx/,OK,200,0.64
8/04/2026,16:52:50,Hertz,https://www.hertzmexico.com/,OK,200,0.83
8/04/2026,16:52:50,Dollar,https://dollarmexico.com.mx/,OK,200,0.42
8/04/2026,16:52:50,Thrifty,https://www.thrifty.com.mx/,OK,200,0.5
8/04/2026,16:52:50,Firefly,https://www.fireflycarrental.com.mx/,OK,200,0.38
8/04/2026,16:52:50,Avis,https://avis.mx/,OK,200,0.86
8/04/2026,16:52:50,National,https://nationalcar.com.mx/,OK,200,3.86
8/04/2026,16:52:50,Alamo,https://www.alamo.com.mx/es,OK,200,13.68
8/04/2026,16:52:50,Mex Rent A Car,https://mexrentacar.com/es/index,OK,200,1.16
8/04/2026,16:52:50,Budget,https://budget.com.mx/#/,OK,200,0.49
8/04/2026,16:52:50,Localiza,https://www.localiza.com/mexico/es-mx,OK,200,1.19
8/04/2026,16:52:50,Enterprise,https://enterprise.mx/,OK,200,3.01
8/04/2026,16:52:50,Europcar,https://www.europcar.com.mx/,OK,200,0.92
8/04/2026,20:57:39,Hertz,https://www.hertzmexico.com/,OK,200,0.65
8/04/2026,20:57:39,Dollar,https://dollarmexico.com.mx/,OK,200,0.87
8/04/2026,20:57:39,Thrifty,https://www.thrifty.com.mx/,OK,200,0.8
8/04/2026,20:57:39,Firefly,https://www.fireflycarrental.com.mx/,OK,200,0.67
8/04/2026,20:57:39,Avis,https://avis.mx/,OK,200,0.82
8/04/2026,20:57:39,National,https://nationalcar.com.mx/,OK,200,2.47
8/04/2026,20:57:39,Alamo,https://www.alamo.com.mx/es,OK,200,1.71
8/04/2026,20:57:39,Mex Rent A Car,https://mexrentacar.com/es/index,OK,200,0.67
8/04/2026,20:57:39,Budget,https://budget.com.mx/#/,OK,200,0.52
8/04/2026,20:57:39,Localiza,https://www.localiza.com/mexico/es-mx,OK,200,1.01
8/04/2026,20:57:39,Enterprise,https://enterprise.mx/,OK,200,1.59
8/04/2026,20:57:39,Europcar,https://www.europcar.com.mx/,OK,200,1.08
8/04/2026,23:53:14,Hertz,https://www.hertzmexico.com/,OK,200,0.55
8/04/2026,23:53:14,Dollar,https://dollarmexico.com.mx/,OK,200,0.99
8/04/2026,23:53:14,Thrifty,https://www.thrifty.com.mx/,OK,200,0.77
8/04/2026,23:53:14,Firefly,https://www.fireflycarrental.com.mx/,OK,200,0.6
8/04/2026,23:53:14,Avis,https://avis.mx/,OK,200,0.87
8/04/2026,23:53:14,National,https://nationalcar.com.mx/,OK,200,2.77
8/04/2026,23:53:14,Alamo,https://www.alamo.com.mx/es,OK,200,2.69
8/04/2026,23:53:14,Mex Rent A Car,https://mexrentacar.com/es/index,OK,200,0.66
8/04/2026,23:53:14,Budget,https://budget.com.mx/#/,OK,200,0.52
8/04/2026,23:53:14,Localiza,https://www.localiza.com/mexico/es-mx,OK,200,1.01
8/04/2026,23:53:14,Enterprise,https://enterprise.mx/,OK,200,1.49
8/04/2026,23:53:14,Europcar,https://www.europcar.com.mx/,OK,200,0.7
9/04/2026,01:50:21,Hertz,https://www.hertzmexico.com/,OK,200,0.63
9/04/2026,01:50:21,Dollar,https://dollarmexico.com.mx/,OK,200,0.57
9/04/2026,01:50:21,Thrifty,https://www.thrifty.com.mx/,OK,200,0.51
9/04/2026,01:50:21,Firefly,https://www.fireflycarrental.com.mx/,OK,200,0.5
9/04/2026,01:50:21,Avis,https://avis.mx/,OK,200,0.82
9/04/2026,01:50:21,National,https://nationalcar.com.mx/,OK,200,3.3
9/04/2026,01:50:21,Alamo,https://www.alamo.com.mx/es,OK,200,1.29
9/04/2026,01:50:21,Mex Rent A Car,https://mexrentacar.com/es/index,OK,200,0.97
9/04/2026,01:50:21,Budget,https://budget.com.mx/#/,OK,200,0.49
9/04/2026,01:50:21,Localiza,https://www.localiza.com/mexico/es-mx,OK,200,2.66
9/04/2026,01:50:21,Enterprise,https://enterprise.mx/,OK,200,2.04
9/04/2026,01:50:21,Europcar,https://www.europcar.com.mx/,OK,200,2.84
9/04/2026,03:19:55,Hertz,https://www.hertzmexico.com/,OK,200,0.68
9/04/2026,03:19:55,Dollar,https://dollarmexico.com.mx/,OK,200,0.45
9/04/2026,03:19:55,Thrifty,https://www.thrifty.com.mx/,OK,200,0.45
9/04/2026,03:19:55,Firefly,https://www.fireflycarrental.com.mx/,OK,200,0.6
9/04/2026,03:19:55,Avis,https://avis.mx/,OK,200,0.94
9/04/2026,03:19:55,National,https://nationalcar.com.mx/,OK,200,3.7
9/04/2026,03:19:55,Alamo,https://www.alamo.com.mx/es,OK,200,1.39
9/04/2026,03:19:55,Mex Rent A Car,https://mexrentacar.com/es/index,OK,200,1.19
9/04/2026,03:19:55,Budget,https://budget.com.mx/#/,OK,200,0.77
9/04/2026,03:19:55,Localiza,https://www.localiza.com/mexico/es-mx,OK,200,1.1
9/04/2026,03:19:55,Enterprise,https://enterprise.mx/,OK,200,13.96
9/04/2026,03:19:55,Europcar,https://www.europcar.com.mx/,OK,200,0.48
9/04/2026,05:08:12,Hertz,https://www.hertzmexico.com/,OK,200,0.64
9/04/2026,05:08:12,Dollar,https://dollarmexico.com.mx/,OK,200,0.37
9/04/2026,05:08:12,Thrifty,https://www.thrifty.com.mx/,OK,200,0.46
9/04/2026,05:08:12,Firefly,https://www.fireflycarrental.com.mx/,OK,200,0.42
9/04/2026,05:08:12,Avis,https://avis.mx/,OK,200,0.99
9/04/2026,05:08:12,National,https://nationalcar.com.mx/,OK,200,3.27
9/04/2026,05:08:12,Alamo,https://www.alamo.com.mx/es,OK,200,1.29
9/04/2026,05:08:12,Mex Rent A Car,https://mexrentacar.com/es/index,OK,200,1.13
9/04/2026,05:08:12,Budget,https://budget.com.mx/#/,OK,200,0.62
9/04/2026,05:08:12,Localiza,https://www.localiza.com/mexico/es-mx,OK,200,1.83
9/04/2026,05:08:12,Enterprise,https://enterprise.mx/,OK,200,2.07
9/04/2026,05:08:12,Europcar,https://www.europcar.com.mx/,OK,200,1.06
9/04/2026,08:02:07,Hertz,https://www.hertzmexico.com/,OK,200,0.64
9/04/2026,08:02:07,Dollar,https://dollarmexico.com.mx/,OK,200,0.44
9/04/2026,08:02:07,Thrifty,https://www.thrifty.com.mx/,OK,200,0.58
9/04/2026,08:02:07,Firefly,https://www.fireflycarrental.com.mx/,OK,200,0.47
9/04/2026,08:02:07,Avis,https://avis.mx/,OK,200,0.98
9/04/2026,08:02:07,National,https://nationalcar.com.mx/,OK,200,2.29
9/04/2026,08:02:07,Alamo,https://www.alamo.com.mx/es,OK,200,1.73
9/04/2026,08:02:07,Mex Rent A Car,https://mexrentacar.com/es/index,OK,200,0.49
9/04/2026,08:02:07,Budget,https://budget.com.mx/#/,OK,200,0.49
9/04/2026,08:02:07,Localiza,https://www.localiza.com/mexico/es-mx,OK,200,1.03
9/04/2026,08:02:07,Enterprise,https://enterprise.mx/,OK,200,1.56
9/04/2026,08:02:07,Europcar,https://www.europcar.com.mx/,OK,200,0.84
9/04/2026,11:17:07,Hertz,https://www.hertzmexico.com/,OK,200,0.84
9/04/2026,11:17:07,Dollar,https://dollarmexico.com.mx/,OK,200,0.47
9/04/2026,11:17:07,Thrifty,https://www.thrifty.com.mx/,OK,200,0.54
9/04/2026,11:17:07,Firefly,https://www.fireflycarrental.com.mx/,OK,200,0.41
9/04/2026,11:17:07,Avis,https://avis.mx/,OK,200,1.04
9/04/2026,11:17:07,National,https://nationalcar.com.mx/,OK,200,3.22
9/04/2026,11:17:07,Alamo,https://www.alamo.com.mx/es,OK,200,1.47
9/04/2026,11:17:07,Mex Rent A Car,https://mexrentacar.com/es/index,OK,200,1.05
9/04/2026,11:17:07,Budget,https://budget.com.mx/#/,OK,200,0.75
9/04/2026,11:17:07,Localiza,https://www.localiza.com/mexico/es-mx,OK,200,1.8
9/04/2026,11:17:07,Enterprise,https://enterprise.mx/,OK,200,2.04
9/04/2026,11:17:07,Europcar,https://www.europcar.com.mx/,OK,200,0.86
9/04/2026,13:32:38,Hertz,https://www.hertzmexico.com/,OK,200,0.49
9/04/2026,13:32:38,Dollar,https://dollarmexico.com.mx/,OK,200,0.4
9/04/2026,13:32:38,Thrifty,https://www.thrifty.com.mx/,OK,200,0.45
9/04/2026,13:32:38,Firefly,https://www.fireflycarrental.com.mx/,OK,200,0.55
9/04/2026,13:32:38,Avis,https://avis.mx/,OK,200,1.05
9/04/2026,13:32:38,National,https://nationalcar.com.mx/,OK,200,3.68
9/04/2026,13:32:38,Alamo,https://www.alamo.com.mx/es,OK,200,1.02
9/04/2026,13:32:38,Mex Rent A Car,https://mexrentacar.com/es/index,OK,200,1.18
9/04/2026,13:32:38,Budget,https://budget.com.mx/#/,OK,200,0.53
9/04/2026,13:32:38,Localiza,https://www.localiza.com/mexico/es-mx,OK,200,1.26
9/04/2026,13:32:38,Enterprise,https://enterprise.mx/,OK,200,2.51
9/04/2026,13:32:38,Europcar,https://www.europcar.com.mx/,OK,200,0.62
9/04/2026,15:03:31,Hertz,https://www.hertzmexico.com/,OK,200,0.63
9/04/2026,15:03:31,Dollar,https://dollarmexico.com.mx/,OK,200,0.51
9/04/2026,15:03:31,Thrifty,https://www.thrifty.com.mx/,OK,200,0.59
9/04/2026,15:03:31,Firefly,https://www.fireflycarrental.com.mx/,OK,200,0.53
9/04/2026,15:03:31,Avis,https://avis.mx/,OK,200,0.83
9/04/2026,15:03:31,National,https://nationalcar.com.mx/,OK,200,3.17
9/04/2026,15:03:31,Alamo,https://www.alamo.com.mx/es,OK,200,1.59
9/04/2026,15:03:31,Mex Rent A Car,https://mexrentacar.com/es/index,OK,200,3.74
9/04/2026,15:03:31,Budget,https://budget.com.mx/#/,OK,200,1.04
9/04/2026,15:03:31,Localiza,https://www.localiza.com/mexico/es-mx,OK,200,1.51
9/04/2026,15:03:31,Enterprise,https://enterprise.mx/,OK,200,2.06
9/04/2026,15:03:31,Europcar,https://www.europcar.com.mx/,OK,200,0.7
9/04/2026,16:52:46,Hertz,https://www.hertzmexico.com/,OK,200,0.56
9/04/2026,16:52:46,Dollar,https://dollarmexico.com.mx/,OK,200,0.48
9/04/2026,16:52:46,Thrifty,https://www.thrifty.com.mx/,OK,200,0.58
9/04/2026,16:52:46,Firefly,https://www.fireflycarrental.com.mx/,OK,200,0.44
9/04/2026,16:52:46,Avis,https://avis.mx/,OK,200,0.85
9/04/2026,16:52:46,National,https://nationalcar.com.mx/,OK,200,2.55
9/04/2026,16:52:46,Alamo,https://www.alamo.com.mx/es,OK,200,1.64
9/04/2026,16:52:46,Mex Rent A Car,https://mexrentacar.com/es/index,OK,200,0.7
9/04/2026,16:52:46,Budget,https://budget.com.mx/#/,OK,200,0.53
9/04/2026,16:52:46,Localiza,https://www.localiza.com/mexico/es-mx,OK,200,1.01
9/04/2026,16:52:46,Enterprise,https://enterprise.mx/,OK,200,1.53
9/04/2026,16:52:46,Europcar,https://www.europcar.com.mx/,OK,200,0.75
9/04/2026,21:30:28,Hertz,https://www.hertzmexico.com/,OK,200,0.58
9/04/2026,21:30:28,Dollar,https://dollarmexico.com.mx/,OK,200,0.4
9/04/2026,21:30:28,Thrifty,https://www.thrifty.com.mx/,OK,200,0.51
9/04/2026,21:30:28,Firefly,https://www.fireflycarrental.com.mx/,OK,200,0.47
9/04/2026,21:30:28,Avis,https://avis.mx/,OK,200,1.14
9/04/2026,21:30:28,National,https://nationalcar.com.mx/,OK,200,3.73
9/04/2026,21:30:28,Alamo,https://www.alamo.com.mx/es,OK,200,1.3
9/04/2026,21:30:28,Mex Rent A Car,https://mexrentacar.com/es/index,OK,200,1.11
9/04/2026,21:30:28,Budget,https://budget.com.mx/#/,OK,200,0.5
9/04/2026,21:30:28,Localiza,https://www.localiza.com/mexico/es-mx,OK,200,1.23
9/04/2026,21:30:28,Enterprise,https://enterprise.mx/,OK,200,2.45
9/04/2026,21:30:28,Europcar,https://www.europcar.com.mx/,OK,200,0.58
10/04/2026,00:04:20,Hertz,https://www.hertzmexico.com/,OK,200,0.71
10/04/2026,00:04:20,Dollar,https://dollarmexico.com.mx/,OK,200,0.41
10/04/2026,00:04:20,Thrifty,https://www.thrifty.com.mx/,OK,200,0.52
10/04/2026,00:04:20,Firefly,https://www.fireflycarrental.com.mx/,OK,200,0.5
10/04/2026,00:04:20,Avis,https://avis.mx/,OK,200,1.07
10/04/2026,00:04:20,National,https://nationalcar.com.mx/,OK,200,3.7
10/04/2026,00:04:20,Alamo,https://www.alamo.com.mx/es,OK,200,1.15
10/04/2026,00:04:20,Mex Rent A Car,https://mexrentacar.com/es/index,OK,200,1.16
10/04/2026,00:04:20,Budget,https://budget.com.mx/#/,OK,200,0.48
10/04/2026,00:04:20,Localiza,https://www.localiza.com/mexico/es-mx,OK,200,1.28
10/04/2026,00:04:20,Enterprise,https://enterprise.mx/,OK,200,2.47
10/04/2026,00:04:20,Europcar,https://www.europcar.com.mx/,OK,200,0.48
10/04/2026,03:19:37,Hertz,https://www.hertzmexico.com/,OK,200,0.54
10/04/2026,03:19:37,Dollar,https://dollarmexico.com.mx/,OK,200,0.38
10/04/2026,03:19:37,Thrifty,https://www.thrifty.com.mx/,OK,200,0.55
10/04/2026,03:19:37,Firefly,https://www.fireflycarrental.com.mx/,OK,200,0.53
10/04/2026,03:19:37,Avis,https://avis.mx/,OK,200,1.04
10/04/2026,03:19:37,National,https://nationalcar.com.mx/,OK,200,3.76
10/04/2026,03:19:37,Alamo,https://www.alamo.com.mx/es,OK,200,1.22
10/04/2026,03:19:37,Mex Rent A Car,https://mexrentacar.com/es/index,OK,200,1.09
10/04/2026,03:19:37,Budget,https://budget.com.mx/#/,OK,200,0.74
10/04/2026,03:19:37,Localiza,https://www.localiza.com/mexico/es-mx,OK,200,1.18
10/04/2026,03:19:37,Enterprise,https://enterprise.mx/,OK,200,15.68
10/04/2026,03:19:37,Europcar,https://www.europcar.com.mx/,OK,200,0.52
10/04/2026,05:03:44,Hertz,https://www.hertzmexico.com/,OK,200,0.46
10/04/2026,05:03:44,Dollar,https://dollarmexico.com.mx/,OK,200,0.33
10/04/2026,05:03:44,Thrifty,https://www.thrifty.com.mx/,OK,200,0.47
10/04/2026,05:03:44,Firefly,https://www.fireflycarrental.com.mx/,OK,200,0.64
10/04/2026,05:03:44,Avis,https://avis.mx/,OK,200,1.13
10/04/2026,05:03:44,National,https://nationalcar.com.mx/,OK,200,3.68
10/04/2026,05:03:44,Alamo,https://www.alamo.com.mx/es,OK,200,1.61
10/04/2026,05:03:44,Mex Rent A Car,https://mexrentacar.com/es/index,OK,200,1.21
10/04/2026,05:03:44,Budget,https://budget.com.mx/#/,OK,200,0.53
10/04/2026,05:03:44,Localiza,https://www.localiza.com/mexico/es-mx,OK,200,1.1
10/04/2026,05:03:44,Enterprise,https://enterprise.mx/,OK,200,2.47
10/04/2026,05:03:44,Europcar,https://www.europcar.com.mx/,OK,200,0.73
10/04/2026,07:40:43,Hertz,https://www.hertzmexico.com/,OK,200,0.45
10/04/2026,07:40:43,Dollar,https://dollarmexico.com.mx/,OK,200,0.73
10/04/2026,07:40:43,Thrifty,https://www.thrifty.com.mx/,OK,200,0.73
10/04/2026,07:40:43,Firefly,https://www.fireflycarrental.com.mx/,OK,200,0.38
10/04/2026,07:40:43,Avis,https://avis.mx/,OK,200,0.83
10/04/2026,07:40:43,National,https://nationalcar.com.mx/,OK,200,2.31
10/04/2026,07:40:43,Alamo,https://www.alamo.com.mx/es,OK,200,1.82
10/04/2026,07:40:43,Mex Rent A Car,https://mexrentacar.com/es/index,OK,200,0.49
10/04/2026,07:40:43,Budget,https://budget.com.mx/#/,OK,200,0.77
10/04/2026,07:40:43,Localiza,https://www.localiza.com/mexico/es-mx,OK,200,0.84
10/04/2026,07:40:43,Enterprise,https://enterprise.mx/,OK,200,1.48
10/04/2026,07:40:43,Europcar,https://www.europcar.com.mx/,OK,200,0.79
10/04/2026,08:57:30,Hertz,https://www.hertzmexico.com/,OK,200,0.81
10/04/2026,08:57:30,Dollar,https://dollarmexico.com.mx/,OK,200,0.48
10/04/2026,08:57:30,Thrifty,https://www.thrifty.com.mx/,OK,200,0.69
10/04/2026,08:57:30,Firefly,https://www.fireflycarrental.com.mx/,OK,200,0.51
10/04/2026,08:57:30,Avis,https://avis.mx/,OK,200,0.92
10/04/2026,08:57:30,National,https://nationalcar.com.mx/,OK,200,3.05
10/04/2026,08:57:30,Alamo,https://www.alamo.com.mx/es,OK,200,1.62
10/04/2026,08:57:30,Mex Rent A Car,https://mexrentacar.com/es/index,OK,200,0.73
10/04/2026,08:57:30,Budget,https://budget.com.mx/#/,OK,200,0.47
10/04/2026,08:57:30,Localiza,https://www.localiza.com/mexico/es-mx,OK,200,0.96
10/04/2026,08:57:30,Enterprise,https://enterprise.mx/,OK,200,1.89
10/04/2026,08:57:30,Europcar,https://www.europcar.com.mx/,OK,200,0.78
10/04/2026,10:58:29,Hertz,https://www.hertzmexico.com/,OK,200,0.55
10/04/2026,10:58:29,Dollar,https://dollarmexico.com.mx/,OK,200,0.71
10/04/2026,10:58:29,Thrifty,https://www.thrifty.com.mx/,OK,200,0.73
10/04/2026,10:58:29,Firefly,https://www.fireflycarrental.com.mx/,OK,200,0.57
10/04/2026,10:58:29,Avis,https://avis.mx/,OK,200,0.9
10/04/2026,10:58:29,National,https://nationalcar.com.mx/,OK,200,2.53
10/04/2026,10:58:29,Alamo,https://www.alamo.com.mx/es,OK,200,1.61
10/04/2026,10:58:29,Mex Rent A Car,https://mexrentacar.com/es/index,OK,200,0.65
10/04/2026,10:58:29,Budget,https://budget.com.mx/#/,OK,200,0.5
10/04/2026,10:58:29,Localiza,https://www.localiza.com/mexico/es-mx,OK,200,0.98
10/04/2026,10:58:29,Enterprise,https://enterprise.mx/,OK,200,6.24
10/04/2026,10:58:29,Europcar,https://www.europcar.com.mx/,OK,200,0.85
10/04/2026,13:05:47,Hertz,https://www.hertzmexico.com/,OK,200,0.51
10/04/2026,13:05:47,Dollar,https://dollarmexico.com.mx/,OK,200,0.39
10/04/2026,13:05:47,Thrifty,https://www.thrifty.com.mx/,OK,200,0.65
10/04/2026,13:05:47,Firefly,https://www.fireflycarrental.com.mx/,OK,200,0.51
10/04/2026,13:05:47,Avis,https://avis.mx/,OK,200,0.95
10/04/2026,13:05:47,National,https://nationalcar.com.mx/,OK,200,3.68
10/04/2026,13:05:47,Alamo,https://www.alamo.com.mx/es,OK,200,1.22
10/04/2026,13:05:47,Mex Rent A Car,https://mexrentacar.com/es/index,OK,200,1.19
10/04/2026,13:05:47,Budget,https://budget.com.mx/#/,OK,200,1.09
10/04/2026,13:05:47,Localiza,https://www.localiza.com/mexico/es-mx,OK,200,1.03
10/04/2026,13:05:47,Enterprise,https://enterprise.mx/,OK,200,2.66
10/04/2026,13:05:47,Europcar,https://www.europcar.com.mx/,OK,200,0.63
10/04/2026,14:49:52,Hertz,https://www.hertzmexico.com/,OK,200,0.55
10/04/2026,14:49:52,Dollar,https://dollarmexico.com.mx/,OK,200,0.42
10/04/2026,14:49:52,Thrifty,https://www.thrifty.com.mx/,OK,200,0.64
10/04/2026,14:49:52,Firefly,https://www.fireflycarrental.com.mx/,OK,200,0.43
10/04/2026,14:49:52,Avis,https://avis.mx/,OK,200,0.93
10/04/2026,14:49:52,National,https://nationalcar.com.mx/,OK,200,2.69
10/04/2026,14:49:52,Alamo,https://www.alamo.com.mx/es,OK,200,1.94
10/04/2026,14:49:52,Mex Rent A Car,https://mexrentacar.com/es/index,OK,200,0.79
10/04/2026,14:49:52,Budget,https://budget.com.mx/#/,OK,200,0.53
10/04/2026,14:49:52,Localiza,https://www.localiza.com/mexico/es-mx,OK,200,1.26
10/04/2026,14:49:52,Enterprise,https://enterprise.mx/,OK,200,8.0
10/04/2026,14:49:52,Europcar,https://www.europcar.com.mx/,OK,200,0.89
10/04/2026,16:55:39,Hertz,https://www.hertzmexico.com/,OK,200,0.47
10/04/2026,16:55:39,Dollar,https://dollarmexico.com.mx/,OK,200,0.4
10/04/2026,16:55:39,Thrifty,https://www.thrifty.com.mx/,OK,200,0.55
10/04/2026,16:55:39,Firefly,https://www.fireflycarrental.com.mx/,OK,200,0.53
10/04/2026,16:55:39,Avis,https://avis.mx/,OK,200,1.16
10/04/2026,16:55:39,National,https://nationalcar.com.mx/,OK,200,3.65
10/04/2026,16:55:39,Alamo,https://www.alamo.com.mx/es,OK,200,1.17
10/04/2026,16:55:39,Mex Rent A Car,https://mexrentacar.com/es/index,OK,200,1.11
10/04/2026,16:55:39,Budget,https://budget.com.mx/#/,OK,200,0.43
10/04/2026,16:55:39,Localiza,https://www.localiza.com/mexico/es-mx,OK,200,1.3
10/04/2026,16:55:39,Enterprise,https://enterprise.mx/,OK,200,2.36
10/04/2026,16:55:39,Europcar,https://www.europcar.com.mx/,OK,200,0.53
10/04/2026,20:54:09,Hertz,https://www.hertzmexico.com/,OK,200,0.49
10/04/2026,20:54:09,Dollar,https://dollarmexico.com.mx/,OK,200,0.34
10/04/2026,20:54:09,Thrifty,https://www.thrifty.com.mx/,OK,200,0.44
10/04/2026,20:54:09,Firefly,https://www.fireflycarrental.com.mx/,OK,200,0.43
10/04/2026,20:54:09,Avis,https://avis.mx/,OK,200,0.91
10/04/2026,20:54:09,National,https://nationalcar.com.mx/,OK,200,3.37
10/04/2026,20:54:09,Alamo,https://www.alamo.com.mx/es,OK,200,1.4
10/04/2026,20:54:09,Mex Rent A Car,https://mexrentacar.com/es/index,OK,200,0.98
10/04/2026,20:54:09,Budget,https://budget.com.mx/#/,OK,200,0.67
10/04/2026,20:54:09,Localiza,https://www.localiza.com/mexico/es-mx,OK,200,0.92
10/04/2026,20:54:09,Enterprise,https://enterprise.mx/,OK,200,2.08
10/04/2026,20:54:09,Europcar,https://www.europcar.com.mx/,OK,200,0.65
10/04/2026,23:37:09,Hertz,https://www.hertzmexico.com/,OK,200,0.66
10/04/2026,23:37:09,Dollar,https://dollarmexico.com.mx/,OK,200,0.41
10/04/2026,23:37:09,Thrifty,https://www.thrifty.com.mx/,OK,200,0.56
10/04/2026,23:37:09,Firefly,https://www.fireflycarrental.com.mx/,OK,200,0.41
10/04/2026,23:37:09,Avis,https://avis.mx/,OK,200,1.02
10/04/2026,23:37:09,National,https://nationalcar.com.mx/,OK,200,3.76
10/04/2026,23:37:09,Alamo,https://www.alamo.com.mx/es,OK,200,1.16
10/04/2026,23:37:09,Mex Rent A Car,https://mexrentacar.com/es/index,OK,200,1.21
10/04/2026,23:37:09,Budget,https://budget.com.mx/#/,OK,200,0.74
10/04/2026,23:37:09,Localiza,https://www.localiza.com/mexico/es-mx,OK,200,1.03
10/04/2026,23:37:09,Enterprise,https://enterprise.mx/,OK,200,2.47
10/04/2026,23:37:09,Europcar,https://www.europcar.com.mx/,OK,200,0.59
11/04/2026,01:12:26,Hertz,https://www.hertzmexico.com/,OK,200,0.46
11/04/2026,01:12:26,Dollar,https://dollarmexico.com.mx/,OK,200,0.71
11/04/2026,01:12:26,Thrifty,https://www.thrifty.com.mx/,OK,200,0.83
11/04/2026,01:12:26,Firefly,https://www.fireflycarrental.com.mx/,OK,200,0.37
11/04/2026,01:12:26,Avis,https://avis.mx/,OK,200,0.81
11/04/2026,01:12:26,National,https://nationalcar.com.mx/,OK,200,2.38
11/04/2026,01:12:26,Alamo,https://www.alamo.com.mx/es,OK,200,1.95
11/04/2026,01:12:26,Mex Rent A Car,https://mexrentacar.com/es/index,OK,200,0.51
11/04/2026,01:12:26,Budget,https://budget.com.mx/#/,OK,200,0.5
11/04/2026,01:12:26,Localiza,https://www.localiza.com/mexico/es-mx,OK,200,1.41
11/04/2026,01:12:26,Enterprise,https://enterprise.mx/,OK,200,1.43
11/04/2026,01:12:26,Europcar,https://www.europcar.com.mx/,OK,200,0.77
11/04/2026,02:55:38,Hertz,https://www.hertzmexico.com/,OK,200,0.54
11/04/2026,02:55:38,Dollar,https://dollarmexico.com.mx/,OK,200,0.53
11/04/2026,02:55:38,Thrifty,https://www.thrifty.com.mx/,OK,200,0.7
11/04/2026,02:55:38,Firefly,https://www.fireflycarrental.com.mx/,OK,200,0.4
11/04/2026,02:55:38,Avis,https://avis.mx/,OK,200,1.21
11/04/2026,02:55:38,National,https://nationalcar.com.mx/,OK,200,3.68
11/04/2026,02:55:38,Alamo,https://www.alamo.com.mx/es,OK,200,1.09
11/04/2026,02:55:38,Mex Rent A Car,https://mexrentacar.com/es/index,OK,200,1.13
11/04/2026,02:55:38,Budget,https://budget.com.mx/#/,OK,200,0.47
11/04/2026,02:55:38,Localiza,https://www.localiza.com/mexico/es-mx,OK,200,1.13
11/04/2026,02:55:38,Enterprise,https://enterprise.mx/,OK,200,3.29
11/04/2026,02:55:38,Europcar,https://www.europcar.com.mx/,OK,200,0.53
11/04/2026,04:44:51,Hertz,https://www.hertzmexico.com/,OK,200,0.52
11/04/2026,04:44:51,Dollar,https://dollarmexico.com.mx/,OK,200,1.25
11/04/2026,04:44:51,Thrifty,https://www.thrifty.com.mx/,OK,200,0.89
11/04/2026,04:44:51,Firefly,https://www.fireflycarrental.com.mx/,OK,200,0.5
11/04/2026,04:44:51,Avis,https://avis.mx/,OK,200,0.94
11/04/2026,04:44:51,National,https://nationalcar.com.mx/,OK,200,2.36
11/04/2026,04:44:51,Alamo,https://www.alamo.com.mx/es,OK,200,1.86
11/04/2026,04:44:51,Mex Rent A Car,https://mexrentacar.com/es/index,OK,200,0.5
11/04/2026,04:44:51,Budget,https://budget.com.mx/#/,OK,200,0.5
11/04/2026,04:44:51,Localiza,https://www.localiza.com/mexico/es-mx,OK,200,0.96
11/04/2026,04:44:51,Enterprise,https://enterprise.mx/,OK,200,4.13
11/04/2026,04:44:51,Europcar,https://www.europcar.com.mx/,OK,200,0.78
11/04/2026,07:15:51,Hertz,https://www.hertzmexico.com/,OK,200,0.73
11/04/2026,07:15:51,Dollar,https://dollarmexico.com.mx/,OK,200,0.43
11/04/2026,07:15:51,Thrifty,https://www.thrifty.com.mx/,OK,200,0.5
11/04/2026,07:15:51,Firefly,https://www.fireflycarrental.com.mx/,OK,200,0.52
11/04/2026,07:15:51,Avis,https://avis.mx/,OK,200,0.92
11/04/2026,07:15:51,National,https://nationalcar.com.mx/,OK,200,3.8
11/04/2026,07:15:51,Alamo,https://www.alamo.com.mx/es,OK,200,1.16
11/04/2026,07:15:51,Mex Rent A Car,https://mexrentacar.com/es/index,OK,200,1.29
11/04/2026,07:15:51,Budget,https://budget.com.mx/#/,OK,200,0.74
11/04/2026,07:15:51,Localiza,https://www.localiza.com/mexico/es-mx,OK,200,1.22
11/04/2026,07:15:51,Enterprise,https://enterprise.mx/,OK,200,3.22
11/04/2026,07:15:51,Europcar,https://www.europcar.com.mx/,OK,200,1.35
11/04/2026,08:43:52,Hertz,https://www.hertzmexico.com/,OK,200,0.47
11/04/2026,08:43:52,Dollar,https://dollarmexico.com.mx/,OK,200,0.58
11/04/2026,08:43:52,Thrifty,https://www.thrifty.com.mx/,OK,200,0.55
11/04/2026,08:43:52,Firefly,https://www.fireflycarrental.com.mx/,OK,200,0.45
11/04/2026,08:43:52,Avis,https://avis.mx/,OK,200,1.0
11/04/2026,08:43:52,National,https://nationalcar.com.mx/,OK,200,3.72
11/04/2026,08:43:52,Alamo,https://www.alamo.com.mx/es,OK,200,1.13
11/04/2026,08:43:52,Mex Rent A Car,https://mexrentacar.com/es/index,OK,200,1.16
11/04/2026,08:43:52,Budget,https://budget.com.mx/#/,OK,200,0.48
11/04/2026,08:43:52,Localiza,https://www.localiza.com/mexico/es-mx,OK,200,1.01
11/04/2026,08:43:52,Enterprise,https://enterprise.mx/,OK,200,2.41
11/04/2026,08:43:52,Europcar,https://www.europcar.com.mx/,OK,200,0.65
11/04/2026,10:49:12,Hertz,https://www.hertzmexico.com/,OK,200,0.58
11/04/2026,10:49:12,Dollar,https://dollarmexico.com.mx/,OK,200,0.53
11/04/2026,10:49:12,Thrifty,https://www.thrifty.com.mx/,OK,200,0.9
11/04/2026,10:49:12,Firefly,https://www.fireflycarrental.com.mx/,OK,200,0.75
11/04/2026,10:49:12,Avis,https://avis.mx/,OK,200,0.88
11/04/2026,10:49:12,National,https://nationalcar.com.mx/,OK,200,2.56
11/04/2026,10:49:12,Alamo,https://www.alamo.com.mx/es,OK,200,1.85
11/04/2026,10:49:12,Mex Rent A Car,https://mexrentacar.com/es/index,OK,200,0.71
11/04/2026,10:49:12,Budget,https://budget.com.mx/#/,OK,200,0.51
11/04/2026,10:49:12,Localiza,https://www.localiza.com/mexico/es-mx,OK,200,1.3
11/04/2026,10:49:12,Enterprise,https://enterprise.mx/,OK,200,1.58
11/04/2026,10:49:12,Europcar,https://www.europcar.com.mx/,OK,200,0.98
11/04/2026,12:58:27,Hertz,https://www.hertzmexico.com/,OK,200,0.47
11/04/2026,12:58:27,Dollar,https://dollarmexico.com.mx/,OK,200,0.57
11/04/2026,12:58:27,Thrifty,https://www.thrifty.com.mx/,OK,200,0.75
11/04/2026,12:58:27,Firefly,https://www.fireflycarrental.com.mx/,OK,200,0.62
11/04/2026,12:58:27,Avis,https://avis.mx/,OK,200,0.97
11/04/2026,12:58:27,National,https://nationalcar.com.mx/,OK,200,2.28
11/04/2026,12:58:27,Alamo,https://www.alamo.com.mx/es,OK,200,1.99
11/04/2026,12:58:27,Mex Rent A Car,https://mexrentacar.com/es/index,OK,200,0.5
11/04/2026,12:58:27,Budget,https://budget.com.mx/#/,OK,200,0.78
11/04/2026,12:58:27,Localiza,https://www.localiza.com/mexico/es-mx,OK,200,1.08
11/04/2026,12:58:27,Enterprise,https://enterprise.mx/,OK,200,1.48
11/04/2026,12:58:27,Europcar,https://www.europcar.com.mx/,OK,200,3.52
11/04/2026,14:44:11,Hertz,https://www.hertzmexico.com/,OK,200,0.78
11/04/2026,14:44:11,Dollar,https://dollarmexico.com.mx/,OK,200,0.61
11/04/2026,14:44:11,Thrifty,https://www.thrifty.com.mx/,OK,200,0.54
11/04/2026,14:44:11,Firefly,https://www.fireflycarrental.com.mx/,OK,200,0.47
11/04/2026,14:44:11,Avis,https://avis.mx/,OK,200,0.69
11/04/2026,14:44:11,National,https://nationalcar.com.mx/,OK,200,3.28
11/04/2026,14:44:11,Alamo,https://www.alamo.com.mx/es,OK,200,1.43
11/04/2026,14:44:11,Mex Rent A Car,https://mexrentacar.com/es/index,OK,200,1.06
11/04/2026,14:44:11,Budget,https://budget.com.mx/#/,OK,200,0.55
11/04/2026,14:44:11,Localiza,https://www.localiza.com/mexico/es-mx,OK,200,1.67
11/04/2026,14:44:11,Enterprise,https://enterprise.mx/,OK,200,2.12
11/04/2026,14:44:11,Europcar,https://www.europcar.com.mx/,OK,200,0.93
11/04/2026,16:41:15,Hertz,https://www.hertzmexico.com/,OK,200,0.68
11/04/2026,16:41:15,Dollar,https://dollarmexico.com.mx/,OK,200,0.64
11/04/2026,16:41:15,Thrifty,https://www.thrifty.com.mx/,OK,200,0.54
11/04/2026,16:41:15,Firefly,https://www.fireflycarrental.com.mx/,OK,200,0.53
11/04/2026,16:41:15,Avis,https://avis.mx/,OK,200,0.83
11/04/2026,16:41:15,National,https://nationalcar.com.mx/,OK,200,2.48
11/04/2026,16:41:15,Alamo,https://www.alamo.com.mx/es,OK,200,2.01
11/04/2026,16:41:15,Mex Rent A Car,https://mexrentacar.com/es/index,OK,200,0.72
11/04/2026,16:41:15,Budget,https://budget.com.mx/#/,OK,200,0.52
11/04/2026,16:41:15,Localiza,https://www.localiza.com/mexico/es-mx,OK,200,1.27
11/04/2026,16:41:15,Enterprise,https://enterprise.mx/,OK,200,1.56
11/04/2026,16:41:15,Europcar,https://www.europcar.com.mx/,OK,200,0.81
11/04/2026,21:34:24,Hertz,https://www.hertzmexico.com/,OK,200,0.55
11/04/2026,21:34:24,Dollar,https://dollarmexico.com.mx/,OK,200,0.42
11/04/2026,21:34:24,Thrifty,https://www.thrifty.com.mx/,OK,200,0.67
11/04/2026,21:34:24,Firefly,https://www.fireflycarrental.com.mx/,OK,200,0.57
11/04/2026,21:34:24,Avis,https://avis.mx/,OK,200,1.06
11/04/2026,21:34:24,National,https://nationalcar.com.mx/,OK,200,3.83
11/04/2026,21:34:24,Alamo,https://www.alamo.com.mx/es,OK,200,1.26
11/04/2026,21:34:24,Mex Rent A Car,https://mexrentacar.com/es/index,OK,200,1.15
11/04/2026,21:34:24,Budget,https://budget.com.mx/#/,OK,200,0.57
11/04/2026,21:34:24,Localiza,https://www.localiza.com/mexico/es-mx,OK,200,0.94
11/04/2026,21:34:24,Enterprise,https://enterprise.mx/,OK,200,2.51
11/04/2026,21:34:24,Europcar,https://www.europcar.com.mx/,OK,200,0.43
11/04/2026,23:59:47,Hertz,https://www.hertzmexico.com/,OK,200,0.8
11/04/2026,23:59:47,Dollar,https://dollarmexico.com.mx/,OK,200,0.54
11/04/2026,23:59:47,Thrifty,https://www.thrifty.com.mx/,OK,200,0.63
11/04/2026,23:59:47,Firefly,https://www.fireflycarrental.com.mx/,OK,200,0.52
11/04/2026,23:59:47,Avis,https://avis.mx/,OK,200,0.92
11/04/2026,23:59:47,National,https://nationalcar.com.mx/,OK,200,3.04
11/04/2026,23:59:47,Alamo,https://www.alamo.com.mx/es,OK,200,1.5
11/04/2026,23:59:47,Mex Rent A Car,https://mexrentacar.com/es/index,OK,200,0.7
11/04/2026,23:59:47,Budget,https://budget.com.mx/#/,OK,200,0.54
11/04/2026,23:59:47,Localiza,https://www.localiza.com/mexico/es-mx,OK,200,1.61
11/04/2026,23:59:47,Enterprise,https://enterprise.mx/,OK,200,5.73
11/04/2026,23:59:47,Europcar,https://www.europcar.com.mx/,OK,200,0.75
12/04/2026,01:41:07,Hertz,https://www.hertzmexico.com/,OK,200,0.51
12/04/2026,01:41:07,Dollar,https://dollarmexico.com.mx/,OK,200,0.41
12/04/2026,01:41:07,Thrifty,https://www.thrifty.com.mx/,OK,200,0.55
12/04/2026,01:41:07,Firefly,https://www.fireflycarrental.com.mx/,OK,200,0.36
12/04/2026,01:41:07,Avis,https://avis.mx/,OK,200,1.08
12/04/2026,01:41:07,National,https://nationalcar.com.mx/,OK,200,3.67
12/04/2026,01:41:07,Alamo,https://www.alamo.com.mx/es,OK,200,1.36
12/04/2026,01:41:07,Mex Rent A Car,https://mexrentacar.com/es/index,OK,200,1.14
12/04/2026,01:41:07,Budget,https://budget.com.mx/#/,OK,200,0.72
12/04/2026,01:41:07,Localiza,https://www.localiza.com/mexico/es-mx,OK,200,1.22
12/04/2026,01:41:07,Enterprise,https://enterprise.mx/,OK,200,2.36
12/04/2026,01:41:07,Europcar,https://www.europcar.com.mx/,OK,200,1.35
12/04/2026,02:59:52,Hertz,https://www.hertzmexico.com/,OK,200,0.58
12/04/2026,02:59:52,Dollar,https://dollarmexico.com.mx/,OK,200,0.53
12/04/2026,02:59:52,Thrifty,https://www.thrifty.com.mx/,OK,200,0.52
12/04/2026,02:59:52,Firefly,https://www.fireflycarrental.com.mx/,OK,200,0.58
12/04/2026,02:59:52,Avis,https://avis.mx/,OK,200,1.01
12/04/2026,02:59:52,National,https://nationalcar.com.mx/,OK,200,3.78
12/04/2026,02:59:52,Alamo,https://www.alamo.com.mx/es,OK,200,1.15
12/04/2026,02:59:52,Mex Rent A Car,https://mexrentacar.com/es/index,OK,200,1.16
12/04/2026,02:59:52,Budget,https://budget.com.mx/#/,OK,200,0.54
12/04/2026,02:59:52,Localiza,https://www.localiza.com/mexico/es-mx,OK,200,1.16
12/04/2026,02:59:52,Enterprise,https://enterprise.mx/,OK,200,16.39
12/04/2026,02:59:52,Europcar,https://www.europcar.com.mx/,OK,200,0.53
12/04/2026,04:50:09,Hertz,https://www.hertzmexico.com/,OK,200,0.49
12/04/2026,04:50:09,Dollar,https://dollarmexico.com.mx/,OK,200,0.47
12/04/2026,04:50:09,Thrifty,https://www.thrifty.com.mx/,OK,200,0.6
12/04/2026,04:50:09,Firefly,https://www.fireflycarrental.com.mx/,OK,200,0.56
12/04/2026,04:50:09,Avis,https://avis.mx/,OK,200,1.03
12/04/2026,04:50:09,National,https://nationalcar.com.mx/,OK,200,3.22
12/04/2026,04:50:09,Alamo,https://www.alamo.com.mx/es,OK,200,1.22
12/04/2026,04:50:09,Mex Rent A Car,https://mexrentacar.com/es/index,OK,200,1.02
12/04/2026,04:50:09,Budget,https://budget.com.mx/#/,OK,200,0.67
12/04/2026,04:50:09,Localiza,https://www.localiza.com/mexico/es-mx,OK,200,1.09
12/04/2026,04:50:09,Enterprise,https://enterprise.mx/,OK,200,2.78
12/04/2026,04:50:09,Europcar,https://www.europcar.com.mx/,OK,200,0.67
12/04/2026,07:18:36,Hertz,https://www.hertzmexico.com/,OK,200,0.45
12/04/2026,07:18:36,Dollar,https://dollarmexico.com.mx/,OK,200,1.32
12/04/2026,07:18:36,Thrifty,https://www.thrifty.com.mx/,OK,200,0.68
12/04/2026,07:18:36,Firefly,https://www.fireflycarrental.com.mx/,OK,200,0.57
12/04/2026,07:18:36,Avis,https://avis.mx/,OK,200,0.95
12/04/2026,07:18:36,National,https://nationalcar.com.mx/,OK,200,2.27
12/04/2026,07:18:36,Alamo,https://www.alamo.com.mx/es,OK,200,1.85
12/04/2026,07:18:36,Mex Rent A Car,https://mexrentacar.com/es/index,OK,200,0.51
12/04/2026,07:18:36,Budget,https://budget.com.mx/#/,OK,200,0.74
12/04/2026,07:18:36,Localiza,https://www.localiza.com/mexico/es-mx,OK,200,1.02
12/04/2026,07:18:36,Enterprise,https://enterprise.mx/,OK,200,1.45
12/04/2026,07:18:36,Europcar,https://www.europcar.com.mx/,OK,200,4.25
12/04/2026,08:49:51,Hertz,https://www.hertzmexico.com/,OK,200,0.64
12/04/2026,08:49:51,Dollar,https://dollarmexico.com.mx/,OK,200,0.39
12/04/2026,08:49:51,Thrifty,https://www.thrifty.com.mx/,OK,200,0.73
12/04/2026,08:49:51,Firefly,https://www.fireflycarrental.com.mx/,OK,200,0.92
12/04/2026,08:49:51,Avis,https://avis.mx/,OK,200,0.99
12/04/2026,08:49:51,National,https://nationalcar.com.mx/,OK,200,3.69
12/04/2026,08:49:51,Alamo,https://www.alamo.com.mx/es,OK,200,1.26
12/04/2026,08:49:51,Mex Rent A Car,https://mexrentacar.com/es/index,OK,200,1.25
12/04/2026,08:49:51,Budget,https://budget.com.mx/#/,OK,200,0.47
12/04/2026,08:49:51,Localiza,https://www.localiza.com/mexico/es-mx,OK,200,1.02
12/04/2026,08:49:51,Enterprise,https://enterprise.mx/,OK,200,7.98
12/04/2026,08:49:51,Europcar,https://www.europcar.com.mx/,OK,200,0.59
12/04/2026,10:51:29,Hertz,https://www.hertzmexico.com/,OK,200,0.72
12/04/2026,10:51:29,Dollar,https://dollarmexico.com.mx/,OK,200,0.48
12/04/2026,10:51:29,Thrifty,https://www.thrifty.com.mx/,OK,200,0.55
12/04/2026,10:51:29,Firefly,https://www.fireflycarrental.com.mx/,OK,200,0.5
12/04/2026,10:51:29,Avis,https://avis.mx/,OK,200,1.04
12/04/2026,10:51:29,National,https://nationalcar.com.mx/,OK,200,3.33
12/04/2026,10:51:29,Alamo,https://www.alamo.com.mx/es,OK,200,1.3
12/04/2026,10:51:29,Mex Rent A Car,https://mexrentacar.com/es/index,OK,200,0.96
12/04/2026,10:51:29,Budget,https://budget.com.mx/#/,OK,200,0.47
12/04/2026,10:51:29,Localiza,https://www.localiza.com/mexico/es-mx,OK,200,1.51
12/04/2026,10:51:29,Enterprise,https://enterprise.mx/,OK,200,2.06
12/04/2026,10:51:29,Europcar,https://www.europcar.com.mx/,OK,200,0.64
12/04/2026,13:01:41,Hertz,https://www.hertzmexico.com/,OK,200,0.43
12/04/2026,13:01:41,Dollar,https://dollarmexico.com.mx/,OK,200,0.33
12/04/2026,13:01:41,Thrifty,https://www.thrifty.com.mx/,OK,200,0.59
12/04/2026,13:01:41,Firefly,https://www.fireflycarrental.com.mx/,OK,200,0.49
12/04/2026,13:01:41,Avis,https://avis.mx/,OK,200,1.13
12/04/2026,13:01:41,National,https://nationalcar.com.mx/,OK,200,3.53
12/04/2026,13:01:41,Alamo,https://www.alamo.com.mx/es,OK,200,1.11
12/04/2026,13:01:41,Mex Rent A Car,https://mexrentacar.com/es/index,OK,200,0.99
12/04/2026,13:01:41,Budget,https://budget.com.mx/#/,OK,200,0.76
12/04/2026,13:01:41,Localiza,https://www.localiza.com/mexico/es-mx,OK,200,1.02
12/04/2026,13:01:41,Enterprise,https://enterprise.mx/,OK,200,2.45
12/04/2026,13:01:41,Europcar,https://www.europcar.com.mx/,OK,200,0.58
12/04/2026,14:47:26,Hertz,https://www.hertzmexico.com/,OK,200,0.65
12/04/2026,14:47:26,Dollar,https://dollarmexico.com.mx/,OK,200,0.58
12/04/2026,14:47:26,Thrifty,https://www.thrifty.com.mx/,OK,200,0.39
12/04/2026,14:47:26,Firefly,https://www.fireflycarrental.com.mx/,OK,200,0.42
12/04/2026,14:47:26,Avis,https://avis.mx/,OK,200,1.02
12/04/2026,14:47:26,National,https://nationalcar.com.mx/,OK,200,3.22
12/04/2026,14:47:26,Alamo,https://www.alamo.com.mx/es,OK,200,1.29
12/04/2026,14:47:26,Mex Rent A Car,https://mexrentacar.com/es/index,OK,200,0.96
12/04/2026,14:47:26,Budget,https://budget.com.mx/#/,OK,200,0.67
12/04/2026,14:47:26,Localiza,https://www.localiza.com/mexico/es-mx,OK,200,1.78
12/04/2026,14:47:26,Enterprise,https://enterprise.mx/,OK,200,1.86
12/04/2026,14:47:26,Europcar,https://www.europcar.com.mx/,OK,200,1.95
12/04/2026,16:44:01,Hertz,https://www.hertzmexico.com/,OK,200,0.62
12/04/2026,16:44:01,Dollar,https://dollarmexico.com.mx/,OK,200,0.37
12/04/2026,16:44:01,Thrifty,https://www.thrifty.com.mx/,OK,200,0.52
12/04/2026,16:44:01,Firefly,https://www.fireflycarrental.com.mx/,OK,200,0.5
12/04/2026,16:44:01,Avis,https://avis.mx/,OK,200,0.98
12/04/2026,16:44:01,National,https://nationalcar.com.mx/,OK,200,3.76
12/04/2026,16:44:01,Alamo,https://www.alamo.com.mx/es,OK,200,1.2
12/04/2026,16:44:01,Mex Rent A Car,https://mexrentacar.com/es/index,OK,200,1.23
12/04/2026,16:44:01,Budget,https://budget.com.mx/#/,OK,200,0.53
12/04/2026,16:44:01,Localiza,https://www.localiza.com/mexico/es-mx,OK,200,1.16
12/04/2026,16:44:01,Enterprise,https://enterprise.mx/,OK,200,2.59
12/04/2026,16:44:01,Europcar,https://www.europcar.com.mx/,OK,200,0.62
12/04/2026,21:40:39,Hertz,https://www.hertzmexico.com/,OK,200,0.51
12/04/2026,21:40:39,Dollar,https://dollarmexico.com.mx/,OK,200,0.62
12/04/2026,21:40:39,Thrifty,https://www.thrifty.com.mx/,OK,200,0.56
12/04/2026,21:40:39,Firefly,https://www.fireflycarrental.com.mx/,OK,200,0.65
12/04/2026,21:40:39,Avis,https://avis.mx/,OK,200,1.25
12/04/2026,21:40:39,National,https://nationalcar.com.mx/,OK,200,4.08
12/04/2026,21:40:39,Alamo,https://www.alamo.com.mx/es,OK,200,1.34
12/04/2026,21:40:39,Mex Rent A Car,https://mexrentacar.com/es/index,OK,200,1.3
12/04/2026,21:40:39,Budget,https://budget.com.mx/#/,OK,200,0.76
12/04/2026,21:40:39,Localiza,https://www.localiza.com/mexico/es-mx,OK,200,1.21
12/04/2026,21:40:39,Enterprise,https://enterprise.mx/,OK,200,2.49
12/04/2026,21:40:39,Europcar,https://www.europcar.com.mx/,OK,200,0.75
13/04/2026,00:23:36,Hertz,https://www.hertzmexico.com/,OK,200,0.52
13/04/2026,00:23:36,Dollar,https://dollarmexico.com.mx/,OK,200,0.83
13/04/2026,00:23:36,Thrifty,https://www.thrifty.com.mx/,OK,200,0.53
13/04/2026,00:23:36,Firefly,https://www.fireflycarrental.com.mx/,OK,200,0.73
13/04/2026,00:23:36,Avis,https://avis.mx/,OK,200,1.11
13/04/2026,00:23:36,National,https://nationalcar.com.mx/,OK,200,2.3
13/04/2026,00:23:36,Alamo,https://www.alamo.com.mx/es,OK,200,1.84
13/04/2026,00:23:36,Mex Rent A Car,https://mexrentacar.com/es/index,OK,200,0.54
13/04/2026,00:23:36,Budget,https://budget.com.mx/#/,OK,200,0.77
13/04/2026,00:23:36,Localiza,https://www.localiza.com/mexico/es-mx,OK,200,0.89
13/04/2026,00:23:36,Enterprise,https://enterprise.mx/,OK,200,1.47
13/04/2026,00:23:36,Europcar,https://www.europcar.com.mx/,OK,200,1.02
13/04/2026,04:03:33,Hertz,https://www.hertzmexico.com/,OK,200,0.65
13/04/2026,04:03:33,Dollar,https://dollarmexico.com.mx/,OK,200,1.16
13/04/2026,04:03:33,Thrifty,https://www.thrifty.com.mx/,OK,200,0.74
13/04/2026,04:03:33,Firefly,https://www.fireflycarrental.com.mx/,OK,200,0.73
13/04/2026,04:03:33,Avis,https://avis.mx/,OK,200,0.86
13/04/2026,04:03:33,National,https://nationalcar.com.mx/,OK,200,2.42
13/04/2026,04:03:33,Alamo,https://www.alamo.com.mx/es,OK,200,1.79
13/04/2026,04:03:33,Mex Rent A Car,https://mexrentacar.com/es/index,OK,200,0.78
13/04/2026,04:03:33,Budget,https://budget.com.mx/#/,OK,200,0.6
13/04/2026,04:03:33,Localiza,https://www.localiza.com/mexico/es-mx,OK,200,1.18
13/04/2026,04:03:33,Enterprise,https://enterprise.mx/,OK,200,1.58
13/04/2026,04:03:33,Europcar,https://www.europcar.com.mx/,OK,200,0.77
13/04/2026,08:00:34,Hertz,https://www.hertzmexico.com/,OK,200,0.58
13/04/2026,08:00:34,Dollar,https://dollarmexico.com.mx/,OK,200,0.68
13/04/2026,08:00:34,Thrifty,https://www.thrifty.com.mx/,OK,200,0.7
13/04/2026,08:00:34,Firefly,https://www.fireflycarrental.com.mx/,OK,200,0.6
13/04/2026,08:00:34,Avis,https://avis.mx/,OK,200,1.2
13/04/2026,08:00:34,National,https://nationalcar.com.mx/,OK,200,2.8
13/04/2026,08:00:34,Alamo,https://www.alamo.com.mx/es,OK,200,1.89
13/04/2026,08:00:34,Mex Rent A Car,https://mexrentacar.com/es/index,OK,200,0.48
13/04/2026,08:00:34,Budget,https://budget.com.mx/#/,OK,200,0.78
13/04/2026,08:00:34,Localiza,https://www.localiza.com/mexico/es-mx,OK,200,1.29
13/04/2026,08:00:34,Enterprise,https://enterprise.mx/,OK,200,1.43
13/04/2026,08:00:34,Europcar,https://www.europcar.com.mx/,OK,200,1.34
13/04/2026,09:41:21,Hertz,https://www.hertzmexico.com/,OK,200,0.79
13/04/2026,09:41:21,Dollar,https://dollarmexico.com.mx/,OK,200,0.51
13/04/2026,09:41:21,Thrifty,https://www.thrifty.com.mx/,OK,200,0.52
13/04/2026,09:41:21,Firefly,https://www.fireflycarrental.com.mx/,OK,200,0.44
13/04/2026,09:41:21,Avis,https://avis.mx/,OK,200,1.12
13/04/2026,09:41:21,National,https://nationalcar.com.mx/,OK,200,3.77
13/04/2026,09:41:21,Alamo,https://www.alamo.com.mx/es,OK,200,1.19
13/04/2026,09:41:21,Mex Rent A Car,https://mexrentacar.com/es/index,OK,200,1.18
13/04/2026,09:41:21,Budget,https://budget.com.mx/#/,OK,200,0.77
13/04/2026,09:41:21,Localiza,https://www.localiza.com/mexico/es-mx,OK,200,1.07
13/04/2026,09:41:21,Enterprise,https://enterprise.mx/,OK,200,2.4
13/04/2026,09:41:21,Europcar,https://www.europcar.com.mx/,OK,200,0.49
13/04/2026,11:14:40,Hertz,https://www.hertzmexico.com/,OK,200,0.7
13/04/2026,11:14:40,Dollar,https://dollarmexico.com.mx/,OK,200,0.36
13/04/2026,11:14:40,Thrifty,https://www.thrifty.com.mx/,OK,200,0.47
13/04/2026,11:14:40,Firefly,https://www.fireflycarrental.com.mx/,OK,200,0.31
13/04/2026,11:14:40,Avis,https://avis.mx/,OK,200,1.09
13/04/2026,11:14:40,National,https://nationalcar.com.mx/,OK,200,3.26
13/04/2026,11:14:40,Alamo,https://www.alamo.com.mx/es,OK,200,1.44
13/04/2026,11:14:40,Mex Rent A Car,https://mexrentacar.com/es/index,OK,200,1.49
13/04/2026,11:14:40,Budget,https://budget.com.mx/#/,OK,200,0.45
13/04/2026,11:14:40,Localiza,https://www.localiza.com/mexico/es-mx,OK,200,1.76
13/04/2026,11:14:40,Enterprise,https://enterprise.mx/,OK,200,16.35
13/04/2026,11:14:40,Europcar,https://www.europcar.com.mx/,OK,200,1.93
13/04/2026,13:24:46,Hertz,https://www.hertzmexico.com/,OK,200,0.5
13/04/2026,13:24:46,Dollar,https://dollarmexico.com.mx/,OK,200,0.36
13/04/2026,13:24:46,Thrifty,https://www.thrifty.com.mx/,OK,200,0.47
13/04/2026,13:24:46,Firefly,https://www.fireflycarrental.com.mx/,OK,200,0.52
13/04/2026,13:24:46,Avis,https://avis.mx/,OK,200,1.0
13/04/2026,13:24:46,National,https://nationalcar.com.mx/,OK,200,3.2
13/04/2026,13:24:46,Alamo,https://www.alamo.com.mx/es,OK,200,1.18
13/04/2026,13:24:46,Mex Rent A Car,https://mexrentacar.com/es/index,OK,200,1.06
13/04/2026,13:24:46,Budget,https://budget.com.mx/#/,OK,200,0.47
13/04/2026,13:24:46,Localiza,https://www.localiza.com/mexico/es-mx,OK,200,1.77
13/04/2026,13:24:46,Enterprise,https://enterprise.mx/,OK,200,16.09
13/04/2026,13:24:46,Europcar,https://www.europcar.com.mx/,OK,200,0.94
13/04/2026,15:03:50,Hertz,https://www.hertzmexico.com/,OK,200,0.69
13/04/2026,15:03:50,Dollar,https://dollarmexico.com.mx/,OK,200,1.09
13/04/2026,15:03:50,Thrifty,https://www.thrifty.com.mx/,OK,200,0.45
13/04/2026,15:03:50,Firefly,https://www.fireflycarrental.com.mx/,OK,200,0.58
13/04/2026,15:03:50,Avis,https://avis.mx/,OK,200,0.97
13/04/2026,15:03:50,National,https://nationalcar.com.mx/,OK,200,3.77
13/04/2026,15:03:50,Alamo,https://www.alamo.com.mx/es,OK,200,1.29
13/04/2026,15:03:50,Mex Rent A Car,https://mexrentacar.com/es/index,OK,200,1.26
13/04/2026,15:03:50,Budget,https://budget.com.mx/#/,OK,200,1.52
13/04/2026,15:03:50,Localiza,https://www.localiza.com/mexico/es-mx,OK,200,0.88
13/04/2026,15:03:50,Enterprise,https://enterprise.mx/,OK,200,2.37
13/04/2026,15:03:50,Europcar,https://www.europcar.com.mx/,OK,200,0.89
13/04/2026,16:53:45,Hertz,https://www.hertzmexico.com/,OK,200,0.54
13/04/2026,16:53:45,Dollar,https://dollarmexico.com.mx/,OK,200,1.23
13/04/2026,16:53:45,Thrifty,https://www.thrifty.com.mx/,OK,200,0.75
13/04/2026,16:53:45,Firefly,https://www.fireflycarrental.com.mx/,OK,200,0.4
13/04/2026,16:53:45,Avis,https://avis.mx/,OK,200,0.8
13/04/2026,16:53:45,National,https://nationalcar.com.mx/,OK,200,2.46
13/04/2026,16:53:45,Alamo,https://www.alamo.com.mx/es,OK,200,1.73
13/04/2026,16:53:45,Mex Rent A Car,https://mexrentacar.com/es/index,OK,200,0.65
13/04/2026,16:53:45,Budget,https://budget.com.mx/#/,OK,200,0.66
13/04/2026,16:53:45,Localiza,https://www.localiza.com/mexico/es-mx,OK,200,1.08
13/04/2026,16:53:45,Enterprise,https://enterprise.mx/,OK,200,1.56
13/04/2026,16:53:45,Europcar,https://www.europcar.com.mx/,OK,200,0.91
13/04/2026,21:30:17,Hertz,https://www.hertzmexico.com/,OK,200,0.66
13/04/2026,21:30:17,Dollar,https://dollarmexico.com.mx/,OK,200,0.5
13/04/2026,21:30:17,Thrifty,https://www.thrifty.com.mx/,OK,200,0.53
13/04/2026,21:30:17,Firefly,https://www.fireflycarrental.com.mx/,OK,200,0.49
13/04/2026,21:30:17,Avis,https://avis.mx/,OK,200,0.93
13/04/2026,21:30:17,National,https://nationalcar.com.mx/,OK,200,3.38
13/04/2026,21:30:17,Alamo,https://www.alamo.com.mx/es,OK,200,1.28
13/04/2026,21:30:17,Mex Rent A Car,https://mexrentacar.com/es/index,OK,200,0.99
13/04/2026,21:30:17,Budget,https://budget.com.mx/#/,OK,200,0.87
13/04/2026,21:30:17,Localiza,https://www.localiza.com/mexico/es-mx,OK,200,1.41
13/04/2026,21:30:17,Enterprise,https://enterprise.mx/,OK,200,2.86
13/04/2026,21:30:17,Europcar,https://www.europcar.com.mx/,OK,200,0.7
14/04/2026,00:06:04,Hertz,https://www.hertzmexico.com/,OK,200,0.44
14/04/2026,00:06:04,Dollar,https://dollarmexico.com.mx/,OK,200,0.61
14/04/2026,00:06:04,Thrifty,https://www.thrifty.com.mx/,OK,200,0.48
14/04/2026,00:06:04,Firefly,https://www.fireflycarrental.com.mx/,OK,200,0.84
14/04/2026,00:06:04,Avis,https://avis.mx/,OK,200,0.93
14/04/2026,00:06:04,National,https://nationalcar.com.mx/,OK,200,2.33
14/04/2026,00:06:04,Alamo,https://www.alamo.com.mx/es,OK,200,1.68
14/04/2026,00:06:04,Mex Rent A Car,https://mexrentacar.com/es/index,OK,200,0.52
14/04/2026,00:06:04,Budget,https://budget.com.mx/#/,OK,200,0.76
14/04/2026,00:06:04,Localiza,https://www.localiza.com/mexico/es-mx,OK,200,1.03
14/04/2026,00:06:04,Enterprise,https://enterprise.mx/,OK,200,1.5
14/04/2026,00:06:04,Europcar,https://www.europcar.com.mx/,OK,200,0.86
14/04/2026,03:27:40,Hertz,https://www.hertzmexico.com/,OK,200,0.47
14/04/2026,03:27:40,Dollar,https://dollarmexico.com.mx/,OK,200,0.77
14/04/2026,03:27:40,Thrifty,https://www.thrifty.com.mx/,OK,200,0.61
14/04/2026,03:27:40,Firefly,https://www.fireflycarrental.com.mx/,OK,200,0.82
14/04/2026,03:27:40,Avis,https://avis.mx/,OK,200,0.94
14/04/2026,03:27:40,National,https://nationalcar.com.mx/,OK,200,2.4
14/04/2026,03:27:40,Alamo,https://www.alamo.com.mx/es,OK,200,1.8
14/04/2026,03:27:40,Mex Rent A Car,https://mexrentacar.com/es/index,OK,200,0.48
14/04/2026,03:27:40,Budget,https://budget.com.mx/#/,OK,200,0.51
14/04/2026,03:27:40,Localiza,https://www.localiza.com/mexico/es-mx,OK,200,1.35
14/04/2026,03:27:40,Enterprise,https://enterprise.mx/,OK,200,1.46
14/04/2026,03:27:40,Europcar,https://www.europcar.com.mx/,OK,200,0.68
14/04/2026,05:11:53,Hertz,https://www.hertzmexico.com/,OK,200,0.77
14/04/2026,05:11:53,Dollar,https://dollarmexico.com.mx/,OK,200,0.59
14/04/2026,05:11:53,Thrifty,https://www.thrifty.com.mx/,OK,200,0.58
14/04/2026,05:11:53,Firefly,https://www.fireflycarrental.com.mx/,OK,200,0.53
14/04/2026,05:11:53,Avis,https://avis.mx/,OK,200,0.91
14/04/2026,05:11:53,National,https://nationalcar.com.mx/,OK,200,3.18
14/04/2026,05:11:53,Alamo,https://www.alamo.com.mx/es,OK,200,1.53
14/04/2026,05:11:53,Mex Rent A Car,https://mexrentacar.com/es/index,OK,200,0.74
14/04/2026,05:11:53,Budget,https://budget.com.mx/#/,OK,200,0.53
14/04/2026,05:11:53,Localiza,https://www.localiza.com/mexico/es-mx,OK,200,1.75
14/04/2026,05:11:53,Enterprise,https://enterprise.mx/,OK,200,1.88
14/04/2026,05:11:53,Europcar,https://www.europcar.com.mx/,OK,200,0.62
14/04/2026,08:03:53,Hertz,https://www.hertzmexico.com/,OK,200,0.7
14/04/2026,08:03:53,Dollar,https://dollarmexico.com.mx/,OK,200,0.38
14/04/2026,08:03:53,Thrifty,https://www.thrifty.com.mx/,OK,200,0.83
14/04/2026,08:03:53,Firefly,https://www.fireflycarrental.com.mx/,OK,200,0.52
14/04/2026,08:03:53,Avis,https://avis.mx/,OK,200,1.01
14/04/2026,08:03:53,National,https://nationalcar.com.mx/,OK,200,3.36
14/04/2026,08:03:53,Alamo,https://www.alamo.com.mx/es,OK,200,1.22
14/04/2026,08:03:53,Mex Rent A Car,https://mexrentacar.com/es/index,OK,200,1.06
14/04/2026,08:03:53,Budget,https://budget.com.mx/#/,OK,200,0.43
14/04/2026,08:03:53,Localiza,https://www.localiza.com/mexico/es-mx,OK,200,2.07
14/04/2026,08:03:53,Enterprise,https://enterprise.mx/,OK,200,2.11
14/04/2026,08:03:53,Europcar,https://www.europcar.com.mx/,OK,200,0.85
